Stock ID,alpha,beta
002513,-0.06958816493132827,1.4637836146044705
603557,0.06958816493132827,0.5362163853955302
